{
    "thrust_params": {
        "reverse_full": [
            -480.0,
            -480.0,
            -249.697702526389,
            -212.18923318045387
        ],
        "reverse_medium": [
            -293.5107439523176,
            -249.61004256251465,
            -69.1287479280426,
            -57.9081429145799
        ],
        "coast": [
            -76.86765741999288,
            -69.2588665583431,
            72.11250022151224,
            94.5095222138013
        ],
        "forward_medium": [
            27.40704844189697,
            91.62144150910335,
            217.62276169704418,
            277.9572151858569
        ],
        "forward_full": [
            258.85593051477935,
            267.08840094684206,
            480.0,
            480.0
        ],
        "sharp_left": [
            -180.0,
            -180.0,
            -119.8076828590006,
            -97.33735213330195
        ],
        "left": [
            -118.77476398012192,
            -94.0878049870978,
            -25.902421599357695,
            -14.546897890623178
        ],
        "straight": [
            -26.400321641839078,
            -14.253771517703047,
            19.944423261583808,
            28.926625544022016
        ],
        "right": [
            13.1332072656563,
            17.876613647476926,
            91.304381108514,
            98.23442239673803
        ],
        "sharp_right": [
            96.8876914427215,
            98.12059140928973,
            180.0,
            180.0
        ]
    },
    "turn_rate_params": {
        "sharp_left": [
            -180.0,
            -180.0,
            -119.8076828590006,
            -97.33735213330195
        ],
        "left": [
            -118.77476398012192,
            -94.0878049870978,
            -25.902421599357695,
            -14.546897890623178
        ],
        "straight": [
            -26.400321641839078,
            -14.253771517703047,
            19.944423261583808,
            28.926625544022016
        ],
        "right": [
            13.1332072656563,
            17.876613647476926,
            91.304381108514,
            98.23442239673803
        ],
        "sharp_right": [
            96.8876914427215,
            98.12059140928973,
            180.0,
            180.0
        ]
    }
}