{
    "thrust_params": {
        "reverse_full": [
            -135.02210471180865,
            -95.74216928092659,
            -70.64185032397353,
            -60.60454619018142
        ],
        "reverse_medium": [
            -53.347306988821316,
            -51.09888901205106,
            -28.951865279875577,
            -23.352980318777263
        ],
        "coast": [
            -16.95705794393693,
            -14.724026675450105,
            4.66166959377499,
            10.498165319118522
        ],
        "forward_medium": [
            11.383612634772998,
            21.27334591941623,
            45.30293490203405,
            79.19002410083007
        ],
        "forward_full": [
            60.54796346694274,
            73.34365721597297,
            150.0,
            150.0
        ],
        "sharp_left": [
            -146.34864124333703,
            -140.003581494522,
            -121.49753591820972,
            -103.68441258442434
        ],
        "left": [
            -120.39696717109923,
            -110.09113290234743,
            -102.83843641863953,
            -80.71443324277226
        ],
        "straight": [
            -92.89701580490498,
            -89.71742199972141,
            21.189352044769006,
            73.70475217333262
        ],
        "right": [
            120.34002288735935,
            149.72732431778985,
            150.0,
            150.0
        ],
        "sharp_right": [
            109.64395152812199,
            115.74687133137496,
            180.0,
            180.0
        ]
    },
    "turn_rate_params": {
        "sharp_left": [
            -146.34864124333703,
            -140.003581494522,
            -121.49753591820972,
            -103.68441258442434
        ],
        "left": [
            -120.39696717109923,
            -110.09113290234743,
            -102.83843641863953,
            -80.71443324277226
        ],
        "straight": [
            -92.89701580490498,
            -89.71742199972141,
            21.189352044769006,
            73.70475217333262
        ],
        "right": [
            120.34002288735935,
            149.72732431778985,
            150.0,
            150.0
        ],
        "sharp_right": [
            109.64395152812199,
            115.74687133137496,
            180.0,
            180.0
        ]
    }
}