{
    "thrust_params": {
        "reverse_full": [
            -137.59862662010687,
            -136.3523881858043,
            -61.54695881476057,
            -59.95732802904881
        ],
        "reverse_medium": [
            -82.62333169812516,
            -76.9394333320328,
            -5.391990825634053,
            -3.2671539296724035
        ],
        "coast": [
            -10.38475744917861,
            -3.993829830193821,
            13.437613408839038,
            19.8823253988243
        ],
        "forward_medium": [
            13.6675457628623,
            14.284306937775316,
            56.030947436969385,
            78.55240870210818
        ],
        "forward_full": [
            55.04487156498085,
            63.443137464203105,
            150.0,
            150.0
        ]
    },
    "turn_rate_params": {
        "sharp_left": [
            -160.21285459141467,
            -151.93880177136793,
            -137.31904801634252,
            -119.37848564031802
        ],
        "left": [
            -113.9975303137889,
            -112.8108613829622,
            -100.16175439185145,
            -57.89453973411645
        ],
        "straight": [
            -91.29964246151282,
            -35.03214165668807,
            15.377420271164294,
            35.65443114804986
        ],
        "right": [
            75.70280428223369,
            110.51581368950096,
            150.0,
            150.0
        ],
        "sharp_right": [
            121.2803979081265,
            146.81723548210672,
            180.0,
            180.0
        ]
    }
}